"","Rnd","Pick","Tm","Player","Pos","Age","To","Approx Val CarAV","G","year","Grade","Height","Arm Length","Weight","Hands","40 Yard Dash","Bench Press","Vertical Jump","Broad Jump","Three Cone Drill","Hands Rank","40 Rank","Bench Rank","Vertical Rank","Broad Rank","3 Cone Rank","20 Shuttle Rank","60 Shuttle Rank","College.Games","College/Univ","Solo Tackle","NFL.solotackles.pg","NFL.sack.pg","NFL.int.pg","Int","Sk","College.Solo.tackle","College.Assist.Tackles","College.TFL","College.Sacks","College.Interceptions","College.Int.Yards","College.Int.Tds","College.Pass.Defensed","College.Fumble.Recoveries","College.Forced.Fumbles","college.solotackles.pg","college.asst.pg","college.totaltck.pg","college.TFL.pg","college.sack.pg","college.passdefensed.pg","college.ff.pg","college.int.pg","ValuePerYear"
"1",1,5,"JAX","Jalen Ramsey","CB",21,2020,37,65,2016,6.83,73,33.375,209,9.5,4.41,14,41.5,135,6.94,6,7,16,1,1,9,12,2,41,"Florida St.",225,3.46153846153846,NA,0.153846153846154,10,NA,122,59,15.5,5,3,58,0,22,2,4,2.97560975609756,1.4390243902439,4.41463414634146,0.378048780487805,0.121951219512195,0.536585365853659,0.0975609756097561,0.0731707317073171,9.25
"2",1,10,"NYG","Eli Apple","CB",21,2020,16,56,2016,5.68,73,31.375,199,9.375,4.4,13,NA,NA,NA,10,6,20,NA,NA,NA,NA,NA,28,"Ohio St.",197,3.51785714285714,NA,0.0535714285714286,3,NA,56,30,7.5,0,4,16,0,17,2,1,2,1.07142857142857,3.07142857142857,0.267857142857143,0,0.607142857142857,0.0357142857142857,0.142857142857143,4
"3",1,11,"TAM","Vernon Hargreaves","CB",21,2020,13,46,2016,6.7,70,30.625,204,8.75,4.5,15,39,130,NA,31,19,13,4,3,NA,4,NA,NA,"Florida",179,3.89130434782609,NA,0.0434782608695652,2,NA,NA,NA,NA,NA,NA,NA,NA,NA,NA,NA,NA,NA,NA,NA,NA,NA,NA,NA,3.25
"4",1,24,"CIN","William Jackson","CB",23,2020,11,50,2016,NA,NA,NA,NA,NA,NA,NA,NA,NA,NA,NA,NA,NA,NA,NA,NA,NA,NA,NA,"Houston",98,1.96,0.02,0.06,3,1,NA,NA,NA,NA,NA,NA,NA,NA,NA,NA,NA,NA,NA,NA,NA,NA,NA,NA,2.75
"5",1,25,"PIT","Artie Burns","CB",21,2019,14,58,2016,5.77,72,33.25,193,9.5,4.46,NA,31.5,NA,NA,6,9,NA,30,NA,NA,NA,NA,34,"Miami (FL)",121,2.08620689655172,NA,0.0689655172413793,4,NA,65,28,3,2,7,37,0,14,1,1,1.91176470588235,0.823529411764706,2.73529411764706,0.0882352941176471,0.0588235294117647,0.411764705882353,0.0294117647058824,0.205882352941176,3.5
"6",2,38,"MIA","Xavien Howard","CB",23,2020,19,45,2016,NA,72,31.25,201,9.125,4.58,11,33,122,7.18,16,25,22,26,16,19,10,NA,29,"Baylor",115,2.55555555555556,0.0222222222222222,0.333333333333333,15,1,84,14,5.5,1.5,10,121,0,23,1,1,2.89655172413793,0.482758620689655,3.37931034482759,0.189655172413793,0.0517241379310345,0.793103448275862,0.0344827586206897,0.344827586206897,4.75
"7",2,54,"MIN","Mackensie Alexander","CB",22,2020,7,58,2016,6.22,70,31.375,190,9.125,NA,11,NA,NA,NA,16,NA,22,NA,NA,NA,NA,NA,23,"Clemson",91,1.56896551724138,0.0775862068965517,0.0344827586206897,2,4.5,33,11,4,0,0,0,0,11,1,0,1.43478260869565,0.478260869565217,1.91304347826087,0.173913043478261,0,0.478260869565217,0,0,1.75
"8",2,58,"PIT","Sean Davis","CB",22,2020,16,52,2016,5.4,73,31.375,201,9.5,4.46,21,37.5,126,6.64,6,9,1,7,5,1,3,10,38,"Maryland",190,3.65384615384615,0.0480769230769231,0.0961538461538462,5,2.5,221,98,10,2.5,5,98,0,14,2,7,5.81578947368421,2.57894736842105,8.39473684210526,0.263157894736842,0.0657894736842105,0.368421052631579,0.184210526315789,0.131578947368421,4
"9",2,60,"NWE","Cyrus Jones","CB",22,2019,4,31,2016,5.4,70,31.375,197,9.125,4.49,10,33,116,6.71,16,14,25,26,27,2,17,NA,15,"Alabama",11,0.354838709677419,NA,NA,NA,NA,NA,NA,NA,NA,NA,NA,NA,NA,NA,NA,NA,NA,NA,NA,NA,NA,NA,NA,1
"10",2,62,"CAR","James Bradberry","CB",23,2020,20,65,2016,4.93,73,33.375,211,9.125,4.5,16,36,124,6.91,16,19,11,12,7,7,17,9,1,"Samford",236,3.63076923076923,0.0461538461538462,0.138461538461538,9,3,1,0,0,0,NA,NA,NA,0,0,0,1,0,1,0,0,0,0,NA,5
"11",3,68,"SFO","Will Redmond","CB",22,2020,2,22,2016,5.6,71,30.375,182,9.125,NA,NA,NA,NA,NA,16,NA,NA,NA,NA,NA,NA,NA,27,"Mississippi St.",35,1.59090909090909,NA,NA,NA,NA,69,30,5.5,0,5,43,0,8,0,0,2.55555555555556,1.11111111111111,3.66666666666667,0.203703703703704,0,0.296296296296296,0,0.185185185185185,0.5
"12",3,74,"KAN","KeiVarae Russell","CB",22,2018,2,20,2016,5.59,71,31.625,192,10,NA,17,NA,NA,NA,2,NA,9,NA,NA,NA,NA,NA,NA,"Notre Dame",19,0.95,NA,0.05,1,NA,NA,NA,NA,NA,NA,NA,NA,NA,NA,NA,NA,NA,NA,NA,NA,NA,NA,NA,0.5
"13",3,77,"CAR","Daryl Worley","CB",21,2020,18,61,2016,5.36,73,33.375,204,10.25,4.64,14,35.5,123,6.98,1,27,16,15,13,11,10,1,33,"West Virginia",206,3.37704918032787,0.0327868852459016,0.0819672131147541,5,2,125,18,9,0,10,50,0,21,1,2,3.78787878787879,0.545454545454545,4.33333333333333,0.272727272727273,0,0.636363636363636,0.0606060606060606,0.303030303030303,4.5
"14",3,84,"WAS","Kendall Fuller","CB",21,2020,11,58,2016,5.64,71,31.5,187,10,NA,15,NA,NA,NA,2,NA,13,NA,NA,NA,NA,NA,29,"Virginia Tech",177,3.05172413793103,0.0172413793103448,0.155172413793103,9,1,73,46,8,3.5,8,48,1,25,2,2,2.51724137931034,1.58620689655172,4.10344827586207,0.275862068965517,0.120689655172414,0.862068965517241,0.0689655172413793,0.275862068965517,2.75
"15",3,92,"ARI","Brandon Williams","CB",23,2020,4,47,2016,5.22,71,32.5,197,8.625,4.37,18,30.5,118,6.85,33,3,7,31,23,5,14,8,43,"Texas A&M",32,0.680851063829787,NA,NA,NA,NA,NA,NA,NA,NA,NA,NA,NA,NA,NA,NA,NA,NA,NA,NA,NA,NA,NA,NA,1
"16",4,104,"BAL","Tavon Young","CB",22,2020,10,33,2016,5.15,69,30.625,183,9.125,4.46,9,34.5,118,6.8,16,9,28,24,23,3,1,7,43,"Temple",81,2.45454545454545,0.0606060606060606,0.0909090909090909,3,2,101,26,8,2.5,7,157,1,21,1,1,2.34883720930233,0.604651162790698,2.95348837209302,0.186046511627907,0.0581395348837209,0.488372093023256,0.0232558139534884,0.162790697674419,2.5
"17",4,106,"KAN","Eric Murray","CB",22,2020,7,59,2016,5.31,71,31.75,199,9,4.49,15,39.5,124,7.08,24,14,13,3,7,15,5,5,40,"Minnesota",114,1.93220338983051,0.0338983050847458,0.0169491525423729,1,2,142,50,7,1,2,5,0,24,3,3,3.55,1.25,4.8,0.175,0.025,0.6,0.075,0.05,1.75
"18",4,108,"TAM","Ryan Smith","CB",23,2020,8,62,2016,5.14,71,30.5,189,8.875,4.47,18,36,122,6.88,29,12,7,12,16,6,8,3,NA,"North Carolina Central",95,1.53225806451613,NA,0.0161290322580645,1,NA,NA,NA,NA,NA,NA,NA,NA,NA,NA,NA,NA,NA,NA,NA,NA,NA,NA,NA,2
"19",4,118,"NYJ","Juston Burris","CB",23,2020,7,57,2016,5.42,72,31.5,212,8.875,4.53,19,36.5,122,7.1,29,21,2,10,16,17,23,11,37,"North Carolina St.",74,1.29824561403509,0.0175438596491228,0.087719298245614,5,1,89,32,5,0,3,6,0,18,1,2,2.40540540540541,0.864864864864865,3.27027027027027,0.135135135135135,0,0.486486486486487,0.0540540540540541,0.0810810810810811,1.75
"20",4,127,"CHI","Deiondre' Hall","CB",22,2018,2,23,2016,5.46,74,34.375,199,9.75,4.68,NA,37,127,7.07,4,30,NA,8,4,14,6,NA,NA,"Northern Iowa",10,0.434782608695652,NA,0.0434782608695652,1,NA,NA,NA,NA,NA,NA,NA,NA,NA,NA,NA,NA,NA,NA,NA,NA,NA,NA,NA,0.5
"21",4,133,"SFO","Rashard Robinson","CB",21,2018,8,38,2016,5.82,73,32.25,171,9,4.49,NA,35.5,121,NA,24,14,NA,15,19,NA,NA,NA,15,"LSU",54,1.42105263157895,NA,0.0526315789473684,2,NA,18,12,1.5,0,1,0,0,3,0,0,1.2,0.8,2,0.1,0,0.2,0,0.0666666666666667,2
"22",5,141,"CAR","Zack Sanchez","CB",22,2016,1,5,2016,5.54,71,31.375,185,9.375,NA,19,35.5,116,NA,10,NA,2,15,27,NA,NA,NA,36,"Oklahoma",5,1,NA,NA,NA,NA,100,34,5,0.5,15,220,3,28,0,0,2.77777777777778,0.944444444444444,3.72222222222222,0.138888888888889,0.0138888888888889,0.777777777777778,0,0.416666666666667,0.25
"23",5,157,"TEN","LeShaun Sims","CB",22,2020,7,59,2016,5.45,72,31.625,203,8.125,4.53,11,37,120,7.08,36,21,22,8,21,15,14,3,NA,"Southern Utah",99,1.67796610169492,NA,0.0508474576271186,3,NA,NA,NA,NA,NA,NA,NA,NA,NA,NA,NA,NA,NA,NA,NA,NA,NA,NA,NA,1.75
"24",6,178,"KAN","D.J. White","CB",22,2019,1,14,2016,5.56,71,31.5,193,9.25,4.49,17,33,132,7.18,14,14,9,26,2,19,22,NA,37,"Georgia Tech",13,0.928571428571429,NA,0.0714285714285714,1,NA,125,29,3.5,0,7,48,1,21,0,4,3.37837837837838,0.783783783783784,4.16216216216216,0.0945945945945946,0,0.567567567567568,0.108108108108108,0.189189189189189,0.25
"25",6,189,"DAL","Anthony Brown","CB",22,2020,13,58,2016,5.38,71,31.75,192,8.25,4.35,19,35,115,7.03,35,2,2,21,30,12,14,5,37,"Purdue",142,2.44827586206897,0.0517241379310345,0.0689655172413793,4,3,137,52,9.5,1.5,4,4,0,19,2,1,3.7027027027027,1.40540540540541,5.10810810810811,0.256756756756757,0.0405405405405405,0.513513513513513,0.027027027027027,0.108108108108108,3.25
"26",6,196,"PHI","Blake Countess","CB",23,2019,4,43,2016,NA,NA,NA,NA,NA,NA,NA,NA,NA,NA,NA,NA,NA,NA,NA,NA,NA,NA,48,"Auburn",38,0.883720930232558,0.0232558139534884,0.0465116279069767,2,1,116,68,6,0,8,174,1,23,0,1,2.41666666666667,1.41666666666667,3.83333333333333,0.125,0,0.479166666666667,0.0208333333333333,0.166666666666667,1
"27",6,205,"ARI","Harlan Miller","CB",22,2018,1,9,2016,5.78,72,31.375,182,9.375,4.65,6,35.5,118,7.44,10,28,29,15,23,22,24,13,NA,"Southeastern Louisiana",9,1,NA,0.111111111111111,1,NA,NA,NA,NA,NA,NA,NA,NA,NA,NA,NA,NA,NA,NA,NA,NA,NA,NA,NA,0.25
"28",6,209,"BAL","Maurice Canady","CB",22,2019,3,32,2016,5.3,73,31.625,193,9.125,4.49,16,38,124,7.03,16,14,11,6,7,12,8,NA,43,"Virginia",66,2.0625,NA,0.03125,1,NA,101,45,6.5,2,5,108,1,26,0,2,2.34883720930233,1.04651162790698,3.3953488372093,0.151162790697674,0.0465116279069767,0.604651162790698,0.0465116279069767,0.116279069767442,0.75
"29",6,218,"BUF","Kevon Seymour","CB",22,2017,3,31,2016,5.15,71,30.75,186,9,4.39,12,35,124,NA,24,5,21,21,7,NA,12,NA,35,"USC",38,1.2258064516129,NA,NA,NA,NA,102,25,5,1,3,67,0,18,1,0,2.91428571428571,0.714285714285714,3.62857142857143,0.142857142857143,0.0285714285714286,0.514285714285714,0,0.0857142857142857,0.75
"30",7,249,"SFO","Prince Charles","CB",23,2016,0,1,2016,NA,NA,NA,NA,NA,NA,NA,NA,NA,NA,NA,NA,NA,NA,NA,NA,NA,NA,NA,"Western Kentucky",NA,NA,NA,NA,NA,NA,NA,NA,NA,NA,NA,NA,NA,NA,NA,NA,NA,NA,NA,NA,NA,NA,NA,NA,0
"31",7,253,"TEN","Kalan Reed","CB",22,2017,0,7,2016,NA,NA,NA,NA,NA,NA,NA,NA,NA,NA,NA,NA,NA,NA,NA,NA,NA,NA,46,"Southern Miss",2,0.285714285714286,NA,NA,NA,NA,112,40,8.5,0,8,135,3,30,3,3,2.43478260869565,0.869565217391304,3.30434782608696,0.184782608695652,0,0.652173913043478,0.0652173913043478,0.173913043478261,0
"32",1,11,"NOR","Marshon Lattimore","CB",21,2020,20,47,2017,6.52,72,31.25,193,8.875,4.36,NA,38.5,132,NA,NA,NA,NA,NA,NA,NA,NA,NA,16,"Ohio St.",155,3.29787234042553,NA,0.170212765957447,8,NA,34,11,1,0,4,61,1,11,0,0,2.125,0.6875,2.8125,0.0625,0,0.6875,0,0.25,6.66666666666667
"33",1,16,"BAL","Marlon Humphrey","CB",21,2020,20,51,2017,6.16,72,32.25,197,8.75,4.41,10,NA,125,6.75,NA,NA,NA,NA,NA,NA,NA,NA,29,"Alabama",136,2.66666666666667,0.0294117647058824,0.156862745098039,8,1.5,61,20,6.5,0,5,46,1,13,0,3,2.10344827586207,0.689655172413793,2.79310344827586,0.224137931034483,0,0.448275862068966,0.103448275862069,0.172413793103448,6.66666666666667
"34",1,18,"TEN","Adoree' Jackson","CB",21,2019,15,43,2017,5.86,70,31.375,186,9.25,4.42,NA,36,122,NA,NA,NA,NA,NA,NA,NA,NA,NA,NA,"USC",167,3.88372093023256,NA,0.0465116279069767,2,NA,NA,NA,NA,NA,NA,NA,NA,NA,NA,NA,NA,NA,NA,NA,NA,NA,NA,NA,5
"35",1,24,"OAK","Gareon Conley","CB",22,2019,9,31,2017,5.91,72,33,195,9.5,4.44,11,37,129,6.68,NA,NA,NA,NA,NA,NA,NA,NA,35,"Ohio St.",65,2.09677419354839,NA,0.129032258064516,4,NA,66,25,1,0.5,6,0,0,15,0,0,1.88571428571429,0.714285714285714,2.6,0.0285714285714286,0.0142857142857143,0.428571428571429,0,0.171428571428571,3
"36",1,27,"BUF","Tre'Davious White","CB",22,2020,29,51,2017,6,71,32.125,192,9.125,4.47,16,32,119,6.9,NA,NA,NA,NA,NA,NA,NA,NA,48,"LSU",156,3.05882352941176,0.0196078431372549,0.235294117647059,12,1,111,56,11,1.5,6,61,1,34,1,1,2.3125,1.16666666666667,3.47916666666667,0.229166666666667,0.03125,0.708333333333333,0.0208333333333333,0.125,9.66666666666667
"37",2,33,"GNB","Kevin King","CB",22,2020,10,34,2017,5.6,75,32,200,9.5,4.43,11,39.5,NA,6.56,NA,NA,NA,NA,NA,NA,NA,NA,43,"Washington",104,3.05882352941176,0.0294117647058824,0.176470588235294,6,1,103,61,9.5,0,6,6,0,22,2,2,2.3953488372093,1.41860465116279,3.81395348837209,0.22093023255814,0,0.511627906976744,0.0465116279069767,0.13953488372093,3.33333333333333
"38",2,43,"PHI","Sidney Jones","CB",21,2020,4,26,2017,6.5,72,31.5,186,9.375,4.47,NA,33.5,123,7.02,NA,NA,NA,NA,NA,NA,NA,NA,30,"Washington",46,1.76923076923077,NA,0.115384615384615,3,NA,105,40,8.5,1,8,147,1,21,3,6,3.5,1.33333333333333,4.83333333333333,0.283333333333333,0.0333333333333333,0.7,0.2,0.266666666666667,1.33333333333333
"39",2,46,"IND","Quincy Wilson","CB",21,2020,5,32,2017,5.79,73,32.25,211,9.625,4.54,14,32,118,6.86,NA,NA,NA,NA,NA,NA,NA,NA,37,"Florida",49,1.53125,NA,0.0625,2,NA,47,34,4.5,1,6,93,1,14,0,1,1.27027027027027,0.918918918918919,2.18918918918919,0.121621621621622,0.027027027027027,0.378378378378378,0.027027027027027,0.162162162162162,1.66666666666667
"40",2,53,"DET","Teez Tabor","CB",21,2018,3,22,2017,6.15,72,32,199,8.625,4.62,9,31,120,NA,NA,NA,NA,NA,NA,NA,NA,NA,NA,"Florida",36,1.63636363636364,NA,NA,NA,NA,NA,NA,NA,NA,NA,NA,NA,NA,NA,NA,NA,NA,NA,NA,NA,NA,NA,NA,1
"41",2,60,"DAL","Chidobe Awuzie","CB",22,2020,14,43,2017,5.68,72,30.625,202,8.5,4.43,16,34.5,132,6.81,NA,NA,NA,NA,NA,NA,NA,NA,48,"Colorado",122,2.83720930232558,NA,0.0930232558139535,4,NA,212,53,25,9,3,40,0,25,3,6,4.41666666666667,1.10416666666667,5.52083333333333,0.520833333333333,0.1875,0.520833333333333,0.125,0.0625,4.66666666666667
"42",3,66,"SFO","Ahkello Witherspoon","CB",22,2020,10,39,2017,5.73,75,33,198,9.875,4.45,NA,40.5,127,6.93,NA,NA,NA,NA,NA,NA,NA,NA,29,"Colorado",88,2.25641025641026,NA,0.0769230769230769,3,NA,61,10,0,0,3,0,0,24,1,1,2.10344827586207,0.344827586206897,2.44827586206897,0,0,0.827586206896552,0.0344827586206897,0.103448275862069,3.33333333333333
"43",3,81,"WAS","Fabian Moreau","CB",23,2020,8,49,2017,5.59,72,31.375,206,9,4.35,NA,38,136,6.94,NA,NA,NA,NA,NA,NA,NA,NA,40,"UCLA",81,1.6530612244898,NA,0.102040816326531,5,NA,99,50,4.5,0,3,32,0,21,0,2,2.475,1.25,3.725,0.1125,0,0.525,0.05,0.075,2.66666666666667
"44",3,92,"DAL","Jourdan Lewis","CB",22,2020,9,50,2017,5.78,70,31.625,188,9.25,4.54,15,34.5,121,NA,NA,NA,NA,NA,NA,NA,NA,NA,41,"Michigan",109,2.18,0.08,0.08,4,4,97,38,8.5,1,6,50,1,37,0,1,2.36585365853659,0.926829268292683,3.29268292682927,0.207317073170732,0.024390243902439,0.902439024390244,0.024390243902439,0.146341463414634,3
"45",3,94,"PIT","Cameron Sutton","CB",22,2020,4,40,2017,5.77,71,30,188,8.25,4.52,11,34,120,6.81,NA,NA,NA,NA,NA,NA,NA,NA,44,"Tennessee",37,0.925,0.025,0.05,2,1,111,16,13,1,7,35,1,30,2,3,2.52272727272727,0.363636363636364,2.88636363636364,0.295454545454545,0.0227272727272727,0.681818181818182,0.0681818181818182,0.159090909090909,1.33333333333333
"46",3,97,"MIA","Cordrea Tankersley","CB",23,2018,3,17,2017,5.8,73,32.25,199,9.125,4.4,13,29.5,121,7,NA,NA,NA,NA,NA,NA,NA,NA,39,"Clemson",26,1.52941176470588,NA,NA,NA,NA,90,27,10,1,9,72,1,20,0,0,2.30769230769231,0.692307692307692,3,0.256410256410256,0.0256410256410256,0.512820512820513,0,0.230769230769231,1
"47",3,99,"PHI","Rasul Douglas","CB",22,2020,10,51,2017,5.86,74,32.375,209,9.25,4.59,16,33.5,120,6.97,NA,NA,NA,NA,NA,NA,NA,NA,18,"West Virginia",115,2.25490196078431,NA,0.0980392156862745,5,NA,55,22,3.5,1,9,101,1,9,0,2,3.05555555555556,1.22222222222222,4.27777777777778,0.194444444444444,0.0555555555555556,0.5,0.111111111111111,0.5,3.33333333333333
"48",3,101,"DEN","Brendan Langley","CB",22,2018,1,16,2017,5.32,72,32,201,9.5,4.43,22,35.5,123,7.06,NA,NA,NA,NA,NA,NA,NA,NA,NA,"Lamar",6,0.375,NA,NA,NA,NA,NA,NA,NA,NA,NA,NA,NA,NA,NA,NA,NA,NA,NA,NA,NA,NA,NA,NA,0.333333333333333
"49",4,126,"CLE","Howard Wilson","CB",21,NA,NA,NA,2017,5.78,73,31.375,184,9.625,4.57,NA,33.5,119,6.68,NA,NA,NA,NA,NA,NA,NA,NA,27,"Houston",NA,NA,NA,NA,NA,NA,77,30,3.5,0,9,63,1,15,2,0,2.85185185185185,1.11111111111111,3.96296296296296,0.12962962962963,0,0.555555555555556,0,0.333333333333333,NA
"50",5,149,"ATL","Damontae Kazee","CB",24,2020,11,52,2017,5.55,70,30.875,184,8.625,4.54,11,34,124,NA,NA,NA,NA,NA,NA,NA,NA,NA,53,"San Diego St.",137,2.63461538461538,NA,0.192307692307692,10,NA,171,69,14.5,0,17,214,2,29,1,6,3.22641509433962,1.30188679245283,4.52830188679245,0.273584905660377,0,0.547169811320755,0.113207547169811,0.320754716981132,3.66666666666667
"51",5,152,"CAR","Corn Elder","CB",22,2020,1,19,2017,5.46,70,31.25,183,8.75,4.55,NA,NA,NA,NA,NA,NA,NA,NA,NA,NA,NA,NA,43,"Miami (FL)",10,0.526315789473684,NA,NA,NA,NA,117,41,11.5,6,3,49,0,27,5,1,2.72093023255814,0.953488372093023,3.67441860465116,0.267441860465116,0.13953488372093,0.627906976744186,0.0232558139534884,0.0697674418604651,0.333333333333333
"52",5,158,"IND","Nate Hairston","CB",23,2020,8,40,2017,5.37,72,31,196,9.5,4.52,14,35.5,118,NA,NA,NA,NA,NA,NA,NA,NA,NA,NA,"Temple",77,1.925,0.05,0.05,2,2,NA,NA,NA,NA,NA,NA,NA,NA,NA,NA,NA,NA,NA,NA,NA,NA,NA,NA,2.66666666666667
"53",5,165,"DET","Jamal Agnew","CB",22,2020,12,36,2017,NA,NA,NA,NA,NA,NA,NA,NA,NA,NA,NA,NA,NA,NA,NA,NA,NA,NA,NA,"San Diego",24,0.666666666666667,NA,NA,NA,NA,NA,NA,NA,NA,NA,NA,NA,NA,NA,NA,NA,NA,NA,NA,NA,NA,NA,NA,4
"54",6,197,"NYJ","Jeremy Clark","CB",23,2018,0,2,2017,5.19,75,32.875,220,9.375,NA,20,NA,NA,NA,NA,NA,NA,NA,NA,NA,NA,NA,23,"Michigan",NA,NA,NA,NA,NA,NA,32,18,0,0,3,20,0,6,0,0,1.39130434782609,0.782608695652174,2.17391304347826,0,0,0.260869565217391,0,0.130434782608696,0
"55",6,204,"NYJ","Derrick Jones","CB",22,2018,0,4,2017,NA,NA,NA,NA,NA,NA,NA,NA,NA,NA,NA,NA,NA,NA,NA,NA,NA,NA,27,"Mississippi",3,0.75,NA,NA,NA,NA,38,16,2.5,0,2,54,1,6,0,1,1.40740740740741,0.592592592592593,2,0.0925925925925926,0,0.222222222222222,0.037037037037037,0.0740740740740741,0
"56",6,216,"DAL","Marquez White","CB",22,NA,NA,NA,2017,5.44,72,32.125,194,10,4.59,NA,36,123,NA,NA,NA,NA,NA,NA,NA,NA,NA,31,"Florida St.",NA,NA,NA,NA,NA,NA,49,16,5,0,4,14,0,6,0,0,1.58064516129032,0.516129032258065,2.09677419354839,0.161290322580645,0,0.193548387096774,0,0.129032258064516,NA
"57",7,222,"JAX","Jalen Myrick","CB",22,2017,0,5,2017,5.1,70,31.625,200,8.75,4.28,13,37.5,124,7.06,NA,NA,NA,NA,NA,NA,NA,NA,40,"Minnesota",NA,NA,NA,NA,NA,NA,67,26,8,0.5,5,61,2,21,2,1,1.675,0.65,2.325,0.2,0.0125,0.525,0.025,0.125,0
"58",7,245,"MIN","Jack Tocho","CB",21,NA,NA,NA,2017,5,72,31.625,202,9.375,4.54,21,35,125,NA,NA,NA,NA,NA,NA,NA,NA,NA,45,"North Carolina St.",NA,NA,NA,NA,NA,NA,98,24,2,1,6,58,0,26,0,0,2.17777777777778,0.533333333333333,2.71111111111111,0.0444444444444444,0.0222222222222222,0.577777777777778,0,0.133333333333333,NA
"59",1,4,"CLE","Denzel Ward","CB",21,2020,13,30,2018,NA,NA,NA,NA,NA,NA,NA,NA,NA,NA,NA,NA,NA,NA,NA,NA,NA,NA,26,"Ohio St.",93,3.1,NA,0.2,6,NA,47,20,2,0,2,0,0,24,0,0,1.80769230769231,0.769230769230769,2.57692307692308,0.0769230769230769,0,0.923076923076923,0,0.0769230769230769,6.5
"60",1,18,"GNB","Jaire Alexander","CB",21,2020,11,33,2018,NA,NA,NA,NA,NA,NA,NA,NA,NA,NA,NA,NA,NA,NA,NA,NA,NA,NA,29,"Louisville",125,3.78787878787879,0.0454545454545455,0.121212121212121,4,1.5,58,19,2,0,7,42,0,15,1,1,2,0.655172413793103,2.6551724137931,0.0689655172413793,0,0.517241379310345,0.0344827586206897,0.241379310344828,5.5
"61",1,30,"MIN","Mike Hughes","CB",21,2020,4,23,2018,NA,NA,NA,NA,NA,NA,NA,NA,NA,NA,NA,NA,NA,NA,NA,NA,NA,NA,23,"Central Florida",66,2.8695652173913,NA,0.0869565217391304,2,NA,47,13,0.5,0,4,92,1,14,0,1,2.04347826086957,0.565217391304348,2.60869565217391,0.0217391304347826,0,0.608695652173913,0.0434782608695652,0.173913043478261,2
"62",2,45,"GNB","Josh Jackson","CB",22,2020,5,34,2018,NA,NA,NA,NA,NA,NA,NA,NA,NA,NA,NA,NA,NA,NA,NA,NA,NA,NA,NA,"Iowa",52,1.52941176470588,NA,NA,NA,NA,NA,NA,NA,NA,NA,NA,NA,NA,NA,NA,NA,NA,NA,NA,NA,NA,NA,NA,2.5
"63",2,53,"TAM","M.J. Stewart","CB",22,2020,3,26,2018,NA,NA,NA,NA,NA,NA,NA,NA,NA,NA,NA,NA,NA,NA,NA,NA,NA,NA,49,"North Carolina",65,2.5,0.0384615384615385,NA,NA,1,129,70,11.5,3,6,21,0,41,3,3,2.63265306122449,1.42857142857143,4.06122448979592,0.23469387755102,0.0612244897959184,0.836734693877551,0.0612244897959184,0.122448979591837,1.5
"64",2,55,"CAR","Donte Jackson","CB",22,2020,10,34,2018,NA,NA,NA,NA,NA,NA,NA,NA,NA,NA,NA,NA,NA,NA,NA,NA,NA,NA,35,"LSU",99,2.91176470588235,0.0294117647058824,0.264705882352941,9,1,82,28,4,1,4,40,0,19,1,1,2.34285714285714,0.8,3.14285714285714,0.114285714285714,0.0285714285714286,0.542857142857143,0.0285714285714286,0.114285714285714,5
"65",2,56,"NWE","Duke Dawson","CB",21,2020,2,18,2018,NA,NA,NA,NA,NA,NA,NA,NA,NA,NA,NA,NA,NA,NA,NA,NA,NA,NA,32,"Florida",16,0.888888888888889,NA,NA,NA,NA,56,25,6.5,0,6,127,3,17,0,2,1.75,0.78125,2.53125,0.203125,0,0.53125,0.0625,0.1875,1
"66",2,58,"ATL","Isaiah Oliver","CB",21,2020,6,35,2018,NA,NA,NA,NA,NA,NA,NA,NA,NA,NA,NA,NA,NA,NA,NA,NA,NA,NA,31,"Colorado",91,2.6,NA,0.0285714285714286,1,NA,61,21,0,0,3,41,0,25,0,1,1.96774193548387,0.67741935483871,2.64516129032258,0,0,0.806451612903226,0.032258064516129,0.0967741935483871,3
"67",2,63,"TAM","Carlton Davis","CB",21,2020,9,32,2018,NA,NA,NA,NA,NA,NA,NA,NA,NA,NA,NA,NA,NA,NA,NA,NA,NA,NA,36,"Auburn",108,3.375,NA,0.125,4,NA,101,35,3.5,0.5,4,0,0,28,1,3,2.80555555555556,0.972222222222222,3.77777777777778,0.0972222222222222,0.0138888888888889,0.777777777777778,0.0833333333333333,0.111111111111111,4.5
"68",3,85,"CAR","Rashaan Gaulden","CB",23,2019,1,25,2018,NA,NA,NA,NA,NA,NA,NA,NA,NA,NA,NA,NA,NA,NA,NA,NA,NA,NA,31,"Tennessee",14,0.56,NA,NA,NA,NA,92,45,9.5,1,1,0,0,9,3,1,2.96774193548387,1.45161290322581,4.41935483870968,0.306451612903226,0.032258064516129,0.290322580645161,0.032258064516129,0.032258064516129,0.5
"69",3,99,"DEN","Isaac Yiadom","CB",22,2020,5,34,2018,NA,NA,NA,NA,NA,NA,NA,NA,NA,NA,NA,NA,NA,NA,NA,NA,NA,NA,39,"Boston Col.",56,1.64705882352941,NA,0.0294117647058824,1,NA,75,35,3,0,3,30,0,22,0,1,1.92307692307692,0.897435897435897,2.82051282051282,0.0769230769230769,0,0.564102564102564,0.0256410256410256,0.0769230769230769,2.5
"70",4,110,"OAK","Nick Nelson","CB",21,2019,1,12,2018,NA,NA,NA,NA,NA,NA,NA,NA,NA,NA,NA,NA,NA,NA,NA,NA,NA,NA,35,"Wisconsin",10,0.833333333333333,NA,NA,NA,NA,93,29,3.5,1,0,0,0,41,0,2,2.65714285714286,0.828571428571429,3.48571428571429,0.1,0.0285714285714286,1.17142857142857,0.0571428571428571,0,0.5
"71",4,118,"BAL","Anthony Averett","CB",23,2020,2,25,2018,NA,NA,NA,NA,NA,NA,NA,NA,NA,NA,NA,NA,NA,NA,NA,NA,NA,NA,31,"Alabama",28,1.12,NA,NA,NA,NA,71,27,7,2,1,30,0,16,0,2,2.29032258064516,0.870967741935484,3.16129032258065,0.225806451612903,0.0645161290322581,0.516129032258065,0.0645161290322581,0.032258064516129,1
"72",4,121,"BUF","Taron Johnson","CB",22,2020,5,28,2018,NA,NA,NA,NA,NA,NA,NA,NA,NA,NA,NA,NA,NA,NA,NA,NA,NA,NA,NA,"Weber St.",99,3.53571428571429,0.0714285714285714,0.0357142857142857,1,2,NA,NA,NA,NA,NA,NA,NA,NA,NA,NA,NA,NA,NA,NA,NA,NA,NA,NA,2.5
"73",4,125,"PHI","Avonte Maddox","CB",22,2020,7,28,2018,NA,NA,NA,NA,NA,NA,NA,NA,NA,NA,NA,NA,NA,NA,NA,NA,NA,NA,43,"Pittsburgh",85,3.03571428571429,0.0535714285714286,0.0714285714285714,2,1.5,136,47,13.5,7,8,63,2,34,1,3,3.16279069767442,1.09302325581395,4.25581395348837,0.313953488372093,0.162790697674419,0.790697674418605,0.0697674418604651,0.186046511627907,3.5
"74",5,142,"SFO","D.J. Reed","CB",21,2019,2,31,2018,NA,NA,NA,NA,NA,NA,NA,NA,NA,NA,NA,NA,NA,NA,NA,NA,NA,NA,NA,"Kansas St.",41,1.32258064516129,0.032258064516129,NA,NA,1,NA,NA,NA,NA,NA,NA,NA,NA,NA,NA,NA,NA,NA,NA,NA,NA,NA,NA,1
"75",5,151,"CIN","Davontae Harris","CB",23,2020,3,21,2018,NA,NA,NA,NA,NA,NA,NA,NA,NA,NA,NA,NA,NA,NA,NA,NA,NA,NA,NA,"Illinois St.",31,1.47619047619048,NA,NA,NA,NA,NA,NA,NA,NA,NA,NA,NA,NA,NA,NA,NA,NA,NA,NA,NA,NA,NA,NA,1.5
"76",5,152,"TEN","Dane Cruikshank","CB",23,2019,2,28,2018,NA,NA,NA,NA,NA,NA,NA,NA,NA,NA,NA,NA,NA,NA,NA,NA,NA,NA,25,"Arizona",16,0.571428571428571,NA,NA,NA,NA,108,26,6,1,5,68,0,12,0,1,4.32,1.04,5.36,0.24,0.04,0.48,0.04,0.2,1
"77",5,154,"BUF","Siran Neal","CB",24,2020,2,36,2018,NA,NA,NA,NA,NA,NA,NA,NA,NA,NA,NA,NA,NA,NA,NA,NA,NA,NA,NA,"Jacksonville St.",39,1.08333333333333,0.0277777777777778,NA,NA,1,NA,NA,NA,NA,NA,NA,NA,NA,NA,NA,NA,NA,NA,NA,NA,NA,NA,NA,1
"78",5,170,"CIN","Darius Phillips","CB",23,2020,3,28,2018,NA,NA,NA,NA,NA,NA,NA,NA,NA,NA,NA,NA,NA,NA,NA,NA,NA,NA,51,"West. Michigan",31,1.10714285714286,NA,0.142857142857143,4,NA,89,38,13,2,12,376,5,35,3,4,1.74509803921569,0.745098039215686,2.49019607843137,0.254901960784314,0.0392156862745098,0.686274509803922,0.0784313725490196,0.235294117647059,1.5
"79",6,179,"NYJ","Parry Nickerson","CB",23,2019,1,20,2018,NA,NA,NA,NA,NA,NA,NA,NA,NA,NA,NA,NA,NA,NA,NA,NA,NA,NA,46,"Tulane",22,1.1,NA,NA,NA,NA,154,34,8,0,16,203,1,31,4,3,3.34782608695652,0.739130434782609,4.08695652173913,0.173913043478261,0,0.673913043478261,0.0652173913043478,0.347826086956522,0.5
"80",6,182,"ARI","Christian Campbell","CB",22,NA,NA,NA,2018,NA,NA,NA,NA,NA,NA,NA,NA,NA,NA,NA,NA,NA,NA,NA,NA,NA,NA,37,"Penn St.",NA,NA,NA,NA,NA,NA,61,41,5,1,4,16,0,19,1,1,1.64864864864865,1.10810810810811,2.75675675675676,0.135135135135135,0.027027027027027,0.513513513513513,0.027027027027027,0.108108108108108,NA
"81",6,188,"CLE","Simeon Thomas","CB",24,2019,1,12,2018,NA,NA,NA,NA,NA,NA,NA,NA,NA,NA,NA,NA,NA,NA,NA,NA,NA,NA,25,"Louisiana",5,0.416666666666667,NA,NA,NA,NA,65,25,3,0,2,0,0,19,1,1,2.6,1,3.6,0.12,0,0.76,0.04,0.08,0.5
"82",6,189,"NOR","Kamrin Moore","CB",21,2018,0,2,2018,NA,NA,NA,NA,NA,NA,NA,NA,NA,NA,NA,NA,NA,NA,NA,NA,NA,NA,39,"Boston Col.",NA,NA,NA,NA,NA,NA,100,42,7,1,2,-1,0,21,2,0,2.56410256410256,1.07692307692308,3.64102564102564,0.179487179487179,0.0256410256410256,0.538461538461538,0,0.0512820512820513,0
"83",6,209,"MIA","Cornell Armstrong","CB",22,2019,1,20,2018,NA,NA,NA,NA,NA,NA,NA,NA,NA,NA,NA,NA,NA,NA,NA,NA,NA,NA,44,"Southern Miss",11,0.55,NA,NA,NA,NA,110,36,9.5,0,5,45,1,29,1,0,2.5,0.818181818181818,3.31818181818182,0.215909090909091,0,0.659090909090909,0,0.113636363636364,0.5
"84",7,222,"HOU","Jermaine Kelly","CB",23,NA,NA,NA,2018,NA,NA,NA,NA,NA,NA,NA,NA,NA,NA,NA,NA,NA,NA,NA,NA,NA,NA,22,"San Jose St.",NA,NA,NA,NA,NA,NA,60,12,2,0,1,68,1,16,2,0,2.72727272727273,0.545454545454545,3.27272727272727,0.0909090909090909,0,0.727272727272727,0,0.0454545454545455,NA
"85",7,241,"WAS","Greg Stroman","CB",22,2020,2,20,2018,NA,NA,NA,NA,NA,NA,NA,NA,NA,NA,NA,NA,NA,NA,NA,NA,NA,NA,48,"Virginia Tech",31,1.55,NA,0.05,1,NA,NA,NA,NA,NA,NA,NA,NA,NA,NA,NA,NA,NA,NA,NA,NA,NA,NA,NA,1
"86",7,243,"NWE","Keion Crossen","CB",22,2020,2,32,2018,NA,NA,NA,NA,NA,NA,NA,NA,NA,NA,NA,NA,NA,NA,NA,NA,NA,NA,NA,"West. Carolina",27,0.84375,NA,NA,NA,NA,NA,NA,NA,NA,NA,NA,NA,NA,NA,NA,NA,NA,NA,NA,NA,NA,NA,NA,1
